USE LivInParis;

INSERT INTO Client (NomEntreprise, MotDePasse) VALUES
('Boulangerie Dupont', 'mdp123'),
('Entreprise XYZ', 'xyz789'),
('Perrot', '&nRZm3de2R'),
('Mary', '#6D5HzeU6P'),
('Lacroix S.A.S.', '+R7ULaXQnl'),
('Marchal', '&oUUYcHso0'),
('Fontaine', 'k4IWu$!@&!'),
('Jacob', '^e3WMfk_!W'),
('Joseph', 'E%4f0IqtyK'),
('Imbert', '@n66BccFW0'),
('Fischer Dupont SA', 'H@xhE4AqQb'),
('Barthelemy', 'L_0H9nmrv_'),
('Thibault Torres S.A.R.L.', '4O)aEdDs$G'),
('Pons', '$m4zQp9h+s'),
('Denis S.A.', 'fYaDXag&+7'),
('Pascal Imbert S.A.S.', '+m1uP^NlWx'),
('Étienne Perret S.A.R.L.', '(+B7TnOsf6'),
('Le Roux', 'o+8Q&sxc77'),
('Ruiz S.A.', '!1RJB*n28p'),
('Ribeiro Baron S.A.', '&9Z4CHOy!_'),
('Rolland SA', '$F*8R^Ybp^'),
('Loiseau', '$1uFXjGgb^'),
('Guillet Grenier SA', '&!3AA$fSnE'),
('Diallo Le Gall S.A.S.', '%n&#2ZyQrH'),
('Muller S.A.R.L.', '^75kIbNn(F'),
('Perrier Prévost et Fils', '$pZ*W7rpS2'),
('Allard', '71^4wW+t)!'),
('Chauveau Guyon SARL', 's*rL7RgQkR'),
('Delmas', '^0ZfkmTWRM'),
('Étienne Robert SA', '^)BS#2Va#U'),
('Morel Renault S.A.', '92!3d@Mi!o'),
('Jourdan', '%iQKP&gx82'),
('Charrier', '#mx5)Du7YW'),
('Allain SARL', '%z5$EgwriV'),
('Robert Gomes et Fils', '@3X4HH6kei'),
('Vincent', 'c1bR4OUh4@'),
('Jourdan S.A.', ')2AY4ohcBJ'),
('Guérin Aubry S.A.', '+2DRZjJ80z'),
('Albert', '!e_2FAdkQ3'),
('Gallet', '@#q5YNvrJy'),
('Perret Guillou S.A.R.L.', 'gnggZOzV*0'),
('Moulin SA', 'sER3rXim%y'),
('Mathieu', 'y1p+3CyBcN'),
('Benard', 'r$6qT9Ul2('),
('Perrot Guillot SA', 'D_gw8psJES'),
('Meyer', '&J$IAtNK$1'),
('Lecoq', 'mL5+HmDw%F'),
(null, 'boul2025'),
(null, 'gerard10');

INSERT INTO Cuisinier (MotDePasse, PlatDuJour) VALUES
('cuisine123', 'Ratatouille'),
('de6U6fk%!E', 'Tajine d’agneau'),
('_MDP)owZ8y', 'Couscous'),
('LpB1@0Tp$a', 'Spaghetti bolognaise'),
('gNJ2XufT^C', 'Poulet basquaise'),
('YvbK42Hh+!', 'Gratin dauphinois'),
('1^6wuT1yD!', 'Pizza Margherita'),
('!)IS%js*8O', 'Pad thaï'),
('*KSAowl2m5', 'Falafel maison'),
('(mth5Lc$E7', 'Quiche lorraine'),
('jeZ9!Osx+2', 'Soupe pho'),
('78ZcZD9v&z', 'Biryani au poulet'),
('%gHB$upXn8', 'Bouillon asiatique'),
('T8KMpGSO&A', 'Lasagnes végétariennes'),
('&2KVfw)ySt', 'Wok de légumes'),
('fawZUVGz&1', 'Poulet curry coco'),
('6QCdMNCh)n', 'Gnocchis à la crème'),
('%h7VNfmeSn', 'Croque-monsieur'),
('H7w)xQUb(y', 'Riz cantonais'),
('+$m70_TdJq', 'Tartiflette'),
('NV_e3Fk^#(', 'Gratin de pâtes'),
('*SqBB+gmx3', 'Chili con carne'),
('0(f6CeA5ft', 'Paella'),
('(86SOIXa%!', 'Burger végétarien'),
('Dw7@7OPHx_', 'Clafoutis cerise'),
(')SZyciB688', 'Crème brûlée'),
('%GLVvchF5c', 'Mousse au chocolat'),
('5Z6%7bQc$^', 'Pizza quatre fromages'),
('&9QnEsnpFK', 'Soupe à l’oignon'),
('NLI@kkz#$1', 'Flan pâtissier'),
(')&1G*!Em57', 'Tiramisu'),
('l9Dix%Mq+J', 'Salade niçoise'),
('d#4%H2cNdm', 'Sushis saumon avocat'),
('(1B_XjojN2', 'Rouleaux de printemps'),
('))79EoqC1)', 'Gaspacho'),
('(fIMQDMu*4', 'Burger au bœuf'),
('+AXNC)zD50', 'Poulet rôti'),
('Bd$@1Yruh5', 'Tarte aux pommes'),
('0v1uI)y*@X', 'Nuggets de poulet'),
('*48cDLx9m!', 'Steak frites'),
('55)Jnyrm#L', 'Quiche végétarienne'),
('w!BHXwcy@0', 'Poisson pané maison'),
('*A@c!X1na6', 'Pizza végétarienne'),
('!A24Temms@', 'Gratin de courgettes'),
('p9hEsIq4_i', 'Burger classique'),
('$Q2IzwmfqP', 'Spaghetti carbonara'),
(')1ExGoh!%2', 'Omelette aux fines herbes'),
('Oqvv5L*@%(', 'Wrap au poulet'),
('(_Ra1RnCy4', 'Tarte tatin'),
('(R2qTMgt#3', 'Raviolis ricotta-épinards'),
('^r7hnWxVe1', 'Soupe courge-coco'),
('chef789', 'Lasagnes');



INSERT INTO Station (Nom, Latitude, Longitude) VALUES
('Châtelet', 48.8581, 2.347),
('Gare de Lyon', 48.8443, 2.3744),
('Bastille', 48.853, 2.369),
('Nation', 48.8485, 2.3958),
('Montparnasse', 48.8414, 2.3209),
('Porte de Clignancourt', 48.8983, 2.3446),
('République', 48.8674, 2.3632),
('Opéra', 48.8704, 2.332),
('Place d''Italie', 48.8311, 2.3552),
('Trocadéro', 48.8633, 2.2889),
('Saint-Lazare', 48.8756, 2.3259),
('La Motte-Picquet – Grenelle', 48.8492, 2.2986),
('Denfert-Rochereau', 48.8331, 2.3321),
('Alésia', 48.8283, 2.3266),
('Porte d''Orléans', 48.8254, 2.3259),
('Porte de Vincennes', 48.8489, 2.4164),
('Porte de Bagnolet', 48.8671, 2.4091),
('Gambetta', 48.8642, 2.3984),
('Ménilmontant', 48.8662, 2.3897),
('Père Lachaise', 48.8619, 2.3889),
('Faidherbe – Chaligny', 48.8494, 2.3852),
('Voltaire', 48.8573, 2.3807),
('Richard-Lenoir', 48.8579, 2.3736),
('Oberkampf', 48.8644, 2.3693),
('Strasbourg – Saint-Denis', 48.8692, 2.3541),
('Bonne Nouvelle', 48.8713, 2.3498),
('Grands Boulevards', 48.8729, 2.3448),
('Richelieu – Drouot', 48.8721, 2.3378),
('Cadet', 48.8767, 2.3433),
('Poissonnière', 48.8793, 2.3518),
('Barbès – Rochechouart', 48.8822, 2.3495),
('Château Rouge', 48.8846, 2.3445),
('Abbesses', 48.8842, 2.3387),
('Lamarck – Caulaincourt', 48.8896, 2.3375),
('Jules Joffrin', 48.8927, 2.3416),
('Simplon', 48.8952, 2.3445),
('Marcadet – Poissonniers', 48.8921, 2.3498),
('Marx Dormoy', 48.8922, 2.3594),
('La Chapelle', 48.8843, 2.3625),
('Stalingrad', 48.8842, 2.3707),
('Jaurès', 48.8846, 2.3776),
('Louis Blanc', 48.8833, 2.3761),
('Château-Landon', 48.8796, 2.3697),
('Gare de l''Est', 48.8763, 2.3594),
('Jacques Bonsergent', 48.8708, 2.3629),
('Arts et Métiers', 48.8663, 2.3561),
('Temple', 48.8678, 2.3617),
('Réaumur – Sébastopol', 48.8682, 2.3524),
('Sentier', 48.8689, 2.3481),
('Pigalle', 48.882, 2.3371);


INSERT INTO Utilisateur (Nom, Prenom, Adresse, Telephone, Email, IdCuisinier, IdClient, IdStationProche, EstBanni) VALUES
('Dupond', 'Jean', '10 rue de Paris', '0123456789', 'jean.dupond@email.com', NULL, 1, 1, FALSE),
('Marie', 'Tom', '11 rue de la Paix', '0123486489', 'tom.marie@email.com', NULL, 2, 1, FALSE),
('Jarrar', 'Cédric', '11 rue des Lampes', '012343030', 'cedric.jarrar@email.com', NULL, 3, 1, FALSE),
('Lévêque', 'Agathe', '86 chemin Pons, 75018 Paris', '2341750628', 'maurychristophe@guillon.fr', 47, NULL, 1, FALSE),
('Mary', 'Margaud', '36 avenue Guillaume Cohen, 75004 Paris', '9558684561', 'hamonphilippine@durand.fr', NULL, 22, 2, FALSE),
('Le Roux', 'Alexandre', '29 rue de Perrier, 75019 Paris', '2741698447', 'ferrandtherese@tiscali.fr', 22, NULL, 3, FALSE),
('Klein', 'Monique', '512 chemin de Deschamps, 75002 Paris', '6236928014', 'thibaultmahe@hotmail.fr', NULL, 31, 4, FALSE),
('Diaz', 'Stéphane', '697 boulevard de Bouvet, 75007 Paris', '9121765847', 'sauvagegenevieve@yahoo.fr', 6, NULL, 5, FALSE),
('Guérin', 'Frédéric', '451 boulevard Roussel, 75004 Paris', '8026335138', 'marthegerard@gros.com', 14, NULL, 50, FALSE),
('Martin', 'Sofie', '15 avenue de Lyon', '0987654321', 'sofie.martin@email.com', 1, NULL, 2, FALSE);

INSERT INTO Recette (Nom) VALUES
('Ratatouille'),
('Tarte aux fraises'),
('Poulet basquaise'),
('Couscous royal'),
('Gratin dauphinois'),
('Soupe à l’oignon'),
('Tajine d’agneau'),
('Lasagnes végétariennes'),
('Tarte tatin'),
('Paella valencienne'),
('Boeuf bourguignon'),
('Quiche lorraine'),
('Pizza margherita'),
('Spaghetti carbonara'),
('Poulet curry coco'),
('Pad thaï'),
('Falafel maison'),
('Soupe pho'),
('Chili con carne'),
('Riz cantonais'),
('Biryani au poulet'),
('Gnocchis à la crème'),
('Hamburger maison'),
('Bouillon asiatique'),
('Croque-monsieur'),
('Nuggets de poulet'),
('Wok de légumes'),
('Raviolis vapeur'),
('Gratin de courgettes'),
('Burger végétarien'),
('Gratin de pâtes'),
('Curry de pois chiches'),
('Tacos mexicains'),
('Banh mi au porc'),
('Poisson pané maison'),
('Tartiflette'),
('Soupe courge-lait coco'),
('Rouleaux de printemps'),
('Gaspacho'),
('Tartes aux pommes'),
('Clafoutis cerise'),
('Cookies au chocolat'),
('Brownie fondant'),
('Cheesecake citron'),
('Crème brûlée'),
('Mousse au chocolat'),
('Tiramisu classique'),
('Moelleux au chocolat'),
('Madeleines'),
('Flan pâtissier');

INSERT INTO Plat (Nom, Prix, IdCuisinier, Type, Personnes, DateFabrication, DatePeremption, Regime, IdRecette, CheminAccesPhoto, Nationalite, Proteines) VALUES
('Lasagnes', 12.5, 8, 'Plat Principal', 8, '2025-03-01', '2025-03-03', 'Végétarien', 1, 'lasagnes.jpg', 'Italienne', 19.0),
('Pad Thaï au poulet', 14.08, 10, 'Plat Principal', 8, '2025-04-06', '2025-04-08', 'Classique', 1, 'pad_thai_au_poulet.jpg', 'Thaïlandaise', 26.7),
('Burger végétarien', 17.48, 9, 'Plat Principal', 9, '2025-04-06', '2025-04-09', 'Végétarien', 2, 'burger_vegetarien.jpg', 'Américaine', 32.1),
('Pizza Margherita', 11.7, 10, 'Plat Principal', 10, '2025-04-06', '2025-04-09', 'Végétarien', 3, 'pizza_margherita.jpg', 'Italienne', 27.7),
('Sushi saumon avocat', 16.41, 9, 'Plat Principal', 9, '2025-04-04', '2025-04-07', 'Sans gluten', 4, 'sushi_saumon_avocat.jpg', 'Japonaise', 16.0),
('Couscous royal', 19.98, 8, 'Plat Principal', 10, '2025-04-04', '2025-04-05', 'Halal', 5, 'couscous_royal.jpg', 'Marocaine', 21.4),
('Soupe courge coco', 18.98, 10, 'Entrée', 8, '2025-04-03', '2025-04-05', 'Vegan', 50, 'soupe_courge_coco.jpg', 'Fusion', 16.6),
('Couscous', 15.0, 2, 'Plat Principal', 9, '2025-03-02', '2025-03-04', 'Halal', 2, 'couscous.jpg', 'Marocaine', 19.8);


INSERT INTO Ingredient (Nom, Prix) VALUES
('Tomates', 5.78),
('Courgettes', 3.04),
('Pommes de terre', 5.78),
('Oignons', 4.69),
('Carottes', 5.93),
('Poivrons rouges', 5.46),
('Poivrons verts', 4.96),
('Aubergines', 2.24),
('Poulet', 5.42),
('Agneau', 4.92),
('Semoule', 4.08),
('Riz basmati', 1.04),
('Lait de coco', 3.02),
('Pâtes', 2.73),
('Boeuf haché', 4.23),
('Thon', 2.20),
('Jambon', 0.78),
('Fromage râpé', 4.36),
('Mozzarella', 3.99),
('Parmesan', 4.70),
('Lardons', 4.31),
('Crème fraîche', 4.09),
('Beurre', 0.75),
('Œufs', 2.10),
('Farine', 2.52),
('Sucre', 5.00),
('Chocolat noir', 5.96),
('Levure', 1.52),
('Vanille', 4.08),
('Citron', 3.57),
('Fraises', 3.70),
('Pommes', 1.88),
('Cerises', 4.00),
('Bananes', 3.62),
('Lait', 2.30),
('Chapelure', 1.90),
('Pain de mie', 1.61),
('Salade verte', 2.20),
('Épinards', 5.86),
('Pois chiches', 4.46),
('Lentilles corail', 2.30),
('Tofu', 2.90),
('Crevettes', 4.00),
('Saumon', 1.15),
('Basilic', 2.98),
('Coriandre', 2.95),
('Persil', 4.43),
('Ail', 5.14),
('Gingembre', 4.35),
('Huile d’olive', 2.72);

INSERT INTO ListeIngredients (IdIngredient, IdRecette, Quantite) VALUES
(1, 1, 3),
(10, 1, 5),
(8, 1, 3),
(24, 1, 2),
(34, 1, 5),
(28, 1, 4),
(35, 2, 5),
(39, 2, 5),
(13, 2, 2),
(7, 2, 3),
(42, 2, 1),
(44, 3, 3),
(14, 3, 1),
(7, 4, 2),
(2, 4, 5),
(16, 5, 5),
(45, 5, 4),
(23, 6, 4),
(39, 6, 1),
(47, 6, 1),
(25, 7, 4),
(31, 50, 4),
(12, 50, 3),
(5, 50, 1),
(9, 50, 4),
(2, 2, 2);


INSERT INTO Commande (IdClient, DateCommande, Statut) VALUES
(1, NOW(), 'En attente'),
(2, NOW(), 'Validée'),
(3, NOW(), 'Validée'),
(2, NOW(), 'Validée'),
(3, '2025-03-23 02:18:38', 'En attente'),
(1, '2025-03-13 11:47:25', 'Livrée'),
(3, '2025-03-22 15:20:20', 'Validée'),
(4, '2025-03-28 23:37:15', 'En attente'),
(9, '2025-03-13 17:50:44', 'Livrée'),
(2, '2025-03-14 13:59:06', 'Validée'),
(4, '2025-03-16 03:15:32', 'En attente'),
(4, '2025-03-25 05:12:38', 'Livrée'),
(2, '2025-04-03 07:55:16', 'En attente'),
(1, '2025-03-10 03:32:11', 'Validée'),
(2, '2025-03-15 03:57:55', 'Validée'),
(2, '2025-04-01 13:40:57', 'En attente'),
(9, '2025-03-16 01:54:51', 'En attente'),
(9, '2025-03-14 03:02:51', 'Validée'),
(3, '2025-03-23 14:42:04', 'Validée'),
(1, '2025-03-16 17:22:11', 'En attente'),
(2, '2025-03-27 07:41:45', 'Livrée'),
(3, '2025-03-08 16:58:44', 'Validée'),
(7, '2025-03-31 03:31:56', 'Livrée'),
(9, '2025-03-13 07:03:52', 'En attente'),
(1, '2025-04-03 18:14:32', 'Livrée'),
(3, '2025-03-07 17:00:29', 'Livrée'),
(3, '2025-03-20 21:01:16', 'Validée'),
(4, '2025-03-12 10:15:29', 'Validée'),
(2, '2025-03-11 21:06:07', 'Validée'),
(7, '2025-03-14 11:05:32', 'Annulée'),
(6, '2025-03-28 02:12:16', 'Validée'),
(1, '2025-03-20 08:43:06', 'Livrée'),
(1, '2025-03-27 03:06:40', 'Validée'),
(8, '2025-03-10 02:56:20', 'Livrée'),
(6, '2025-03-23 01:05:07', 'Validée'),
(3, '2025-03-19 20:08:31', 'Livrée'),
(4, '2025-04-01 00:34:14', 'En attente'),
(7, '2025-03-20 22:02:12', 'En attente'),
(5, '2025-03-17 02:29:33', 'Validée'),
(5, '2025-03-09 11:25:16', 'En attente'),
(9, '2025-03-27 22:41:06', 'Livrée'),
(2, '2025-03-28 13:59:07', 'Annulée'),
(5, '2025-03-30 03:25:58', 'En attente'),
(4, '2025-03-09 17:09:06', 'Validée'),
(3, '2025-03-15 13:06:45', 'Validée'),
(1, '2025-03-24 23:51:39', 'Validée'),
(7, '2025-03-18 22:57:24', 'Validée'),
(4, '2025-03-25 22:28:49', 'En attente'),
(4, '2025-03-18 03:10:55', 'Livrée'),
(6, '2025-03-20 09:17:44', 'Validée'),
(9, '2025-03-08 00:24:37', 'Livrée'),
(10, '2025-03-13 15:28:30', 'Validée'),
(2, '2025-03-09 19:54:33', 'Livrée'),
(1, '2025-04-02 10:26:04', 'Livrée'),
(1, NOW(), 'Validée');




INSERT INTO LigneDeCommande (IdCommande, IdPlat, Quantite, DateLivraison, LieuLivraison) VALUES
(1, 1, 2, '2025-03-02', '10 rue de Paris'),
(3, 3, 4, '2025-03-04', '22 boulevard Haussmann'),
(4, 4, 2, '2025-03-05', '5 place Bellecour'),
(5, 5, 3, '2025-03-06', '18 rue de Marseille'),
(6, 2, 1, '2025-03-06', '31 rue du Faubourg Saint-Antoine'),
(7, 1, 2, '2025-03-07', '12 avenue des Champs-Élysées'),
(8, 3, 5, '2025-03-08', '8 rue de la République'),
(9, 4, 1, '2025-03-09', '3 rue Nationale'),
(10, 5, 2, '2025-03-10', '40 rue de Rennes'),
(2, 2, 1, '2025-03-03', '15 avenue de Lyon');

INSERT INTO Livraison (IdLigneCommande, IdLivreur, IdStationDepart, IdStationArrivee, Statut) VALUES
(1, 1, 1, 2, 'En attente'),
(1, 10, 47, 11, 'En cours'),
(2, 4, 43, 14, 'En attente'),
(1, 3, 8, 16, 'En attente'),
(2, 8, 27, 50, 'En attente'),
(1, 5, 50, 36, 'Livrée'),
(2, 4, 29, 48, 'En attente'),
(1, 5, 30, 22, 'En attente'),
(2, 4, 16, 21, 'En cours'),
(1, 6, 19, 3, 'En cours'),
(1, 8, 42, 2, 'En cours'),
(1, 4, 34, 40, 'En cours'),
(2, 2, 34, 30, 'En cours'),
(1, 7, 25, 36, 'Livrée'),
(1, 3, 31, 31, 'Livrée'),
(1, 6, 48, 22, 'En attente'),
(2, 2, 2, 1, 'En cours');



INSERT INTO Ligne (Nom) VALUES
('Ligne 1'),
('Ligne 2'),
('Ligne 3'),
('Ligne 3bis'),
('Ligne 4'),
('Ligne 5'),
('Ligne 6'),
('Ligne 7'),
('Ligne 7bis'),
('Ligne 8'),
('Ligne 9'),
('Ligne 10'),
('Ligne 11'),
('Ligne 12'),
('Ligne 13'),
('Ligne 14');

INSERT INTO Correspondance (IdStation, IdLigne) VALUES
(1, 6),
(3, 1),
(3, 4),     
(4, 1),
(4, 7),     
(5, 7),
(5, 14),    
(6, 14),
(6, 12),    
(7, 12),
(7, 8),    
(8, 8),
(8, 1),     
(9, 13),
(9, 9),     
(10, 9),
(10, 3),    
(10, 14),  
(11, 3),
(11, 2),   
(12, 2),
(12, 7),   
(13, 4),
(13, 5),
(2, 2);

INSERT INTO Transaction (IdCommande, Montant, Reussie, DateTransaction) VALUES
(1, 25.00, FALSE, NOW()),
(1, 57.29, TRUE, '2025-03-31 00:47:12'),
(2, 57.6, FALSE, '2025-04-03 19:37:12'),
(3, 20.23, FALSE, '2025-03-26 02:04:18'),
(4, 38.26, FALSE, '2025-03-26 04:14:15'),
(5, 30.68, FALSE, '2025-03-31 12:16:54'),
(6, 58.54, FALSE, '2025-03-24 11:56:54'),
(7, 37.87, FALSE, '2025-03-28 20:25:14'),
(8, 19.7, FALSE, '2025-03-27 21:00:14'),
(9, 56.1, FALSE, '2025-04-03 19:39:10'),
(10, 21.58, FALSE, '2025-03-27 21:18:18'),
(11, 21.87, TRUE, '2025-04-03 12:02:51'),
(12, 31.09, TRUE, '2025-03-29 20:51:54'),
(13, 10.75, TRUE, '2025-03-31 16:12:13'),
(14, 37.64, FALSE, '2025-03-27 15:20:02'),
(15, 50.03, FALSE, '2025-03-25 19:14:42'),
(2, 15.00, TRUE, NOW()),
(3, 12.00, TRUE, NOW()),
(4, 13.00, TRUE, NOW()),
(5, 18.00, TRUE, NOW());

INSERT INTO Musique (Titre, Nationalite, IdPlat) VALUES
('Bella Ciao', 'Italienne', 1),
('Sakura', 'Japonaise', 5),
('Habibi Funk', 'Marocaine', 6),
('Pad Thai Song', 'Thaïlandaise', 2),
('Smooth Jazz Dinner', 'Américaine', 3),
('Bollywood Beats', 'Indienne', NULL),
('Accordéon Parisien', 'Française', NULL),
('Flamenco Andalou', 'Espagnole', NULL),
('Samba Brasileira', 'Brésilienne', NULL),
('Soukous Congo', 'Congolaise', NULL),
('Fado de Lisbonne', 'Portugaise', NULL),
('Jazz New Orleans', 'Américaine', 4),
('Tango Argentino', 'Argentine', NULL),
('Bossa Nova Breeze', 'Brésilienne', NULL),
('Gnawa Spirit', 'Marocaine', NULL),
('Oriental Lounge', 'Libanaise', NULL),
('Afrobeat Chill', 'Nigériane', NULL),
('Lo-Fi Chill Beats', 'Internationale', NULL),
('Classique Français', 'Française', NULL),
('Musette à Montmartre', 'Française', NULL);


INSERT INTO CategorieAmbiance (Nom) VALUES
('Romantique'),
('Familiale'),
('Festive'),
('Soleil'),
('Chic'),
('Cosy'),
('Traditionnelle'),
('Exotique'),
('Spécial Été'),
('Épicée');

INSERT INTO PlatCategorieAmbiance (IdPlat, IdCategorie) VALUES
(1, 1),
(2, 2),
(3, 3),
(4, 4),
(5, 5),
(6, 1),
(7, 6),
(8, 7),
(1, 8),
(2, 9);

INSERT INTO NotationCuisinier (IdCuisinier, Note, Commentaire, DateNotation) VALUES
(1, 1, 'Commentaire pour cuisinier 1', '2025-04-02 09:08:26'),
(2, 4, 'Commentaire pour cuisinier 2', '2025-03-31 15:10:36'),
(3, 2, 'Commentaire pour cuisinier 3', '2025-03-27 19:45:00'),
(4, 2, 'Commentaire pour cuisinier 4', '2025-03-19 01:51:02'),
(5, 4, 'Commentaire pour cuisinier 5', '2025-03-17 13:47:50'),
(6, 1, 'Commentaire pour cuisinier 6', '2025-03-26 00:40:35'),
(7, 4, 'Commentaire pour cuisinier 7', '2025-03-15 19:44:11'),
(8, 4, 'Commentaire pour cuisinier 8', '2025-04-02 03:51:33'),
(9, 1, 'Commentaire pour cuisinier 9', '2025-03-17 09:19:18'),
(10, 5, 'Commentaire pour cuisinier 10', '2025-03-28 09:56:26');
